Clave,Descripción,Proveedor,Existencia
ABAI40ML,ABAI 40 ML,ESPECIALIDADES COSMETICAS PEREGRINA SA DE CV,2
ACEITEAMOR15ML,ACEITE AMOR 15ML,ESPECIALIDADES COSMETICAS PEREGRINA SA DE CV,41
ACEITEPROSP15ML,ACEITE PROSP 15ML,ESPECIALIDADES COSMETICAS PEREGRINA SA DE CV,52
ACEITESANA15ML,ACEITE SANA 15ML,ESPECIALIDADES COSMETICAS PEREGRINA SA DE CV,43
AHAN200GRS,AHAN 200GRS,ESPECIALIDADES COSMETICAS PEREGRINA SA DE CV,164
AHAU200GRS,AHAU 200GR,ESPECIALIDADES COSMETICAS PEREGRINA SA DE CV,149
AIME125ML,AIME 125ML PANTALLA EN CREMA CORPOFACIAL FPS45,ESPECIALIDADES COSMETICAS PEREGRINA SA DE CV,38
AIME40ML,AIME 40 ML MUESTRA,ESPECIALIDADES COSMETICAS PEREGRINA SA DE CV,100
AIREKE170GR,AIREKE 170GR,ESPECIALIDADES COSMETICAS PEREGRINA SA DE CV,142
AKAT200GRS,AKAT 200GRS,ESPECIALIDADES COSMETICAS PEREGRINA SA DE CV,316
AKMA200GRS,AKMA 200GRS,ESPECIALIDADES COSMETICAS PEREGRINA SA DE CV,59
AMARILLO125ML,AMARILLO 125ML,ESPECIALIDADES COSMETICAS PEREGRINA SA DE CV,30
AMARILLO60ML,AMARILLO 60ML,ESPECIALIDADES COSMETICAS PEREGRINA SA DE CV,11
AMATIS500GRS,AMATIS 500GR,ESPECIALIDADES COSMETICAS PEREGRINA SA DE CV,52
AMEYAL125ML,AMEYAL 125ML,ESPECIALIDADES COSMETICAS PEREGRINA SA DE CV,0
AMEYAL250ML,AMEYAL 250ML,ESPECIALIDADES COSMETICAS PEREGRINA SA DE CV,140
SHANTI BIFASICA,AMPOLLETA BIFASICA HY SHANTI 10ML,ESPECIALIDADES COSMETICAS PEREGRINA SA DE CV,6
SHANTI 03 HY,AMPOLLETA BIFASICA HY SHANTI 4 DE 10 ML,ESPECIALIDADES COSMETICAS PEREGRINA SA DE CV,2
AMPOLLETAHYINDIV,AMPOLLETA BIFASICA SHANTI INDIVIDUAL 10ML,ESPECIALIDADES COSMETICAS PEREGRINA SA DE CV,11
NSJUN1D10,AMPOLLETA JUN INDIVIDUAL 10 ML,ESPECIALIDADES COSMETICAS PEREGRINA SA DE CV,2
NSJUN3D10,AMPOLLETAS JUN 3 DE 10 ML,ESPECIALIDADES COSMETICAS PEREGRINA SA DE CV,177
ANKA500GRS,ANKA 500GRS,ESPECIALIDADES COSMETICAS PEREGRINA SA DE CV,70
ARIA50ML,ARIA 50ML GOTAS DE MIEL ULTRAGEL FACIAL,ESPECIALIDADES COSMETICAS PEREGRINA SA DE CV,274
ARUMA100GRS,ARUMA 100GRS,ESPECIALIDADES COSMETICAS PEREGRINA SA DE CV,174
ASIRI170GRS,ASIRI 170GRS,ESPECIALIDADES COSMETICAS PEREGRINA SA DE CV,67
ATLSECRET15GR,ATLSECRET 15GR,ESPECIALIDADES COSMETICAS PEREGRINA SA DE CV,74
ATZIN250ML,ATZIN 250ML,ESPECIALIDADES COSMETICAS PEREGRINA SA DE CV,79
AUACHTLT40ML,AUACHTLT 60ML,ESPECIALIDADES COSMETICAS PEREGRINA SA DE CV,225
AXAYACATL250GRS,AXAYACATL 250GRS,ESPECIALIDADES COSMETICAS PEREGRINA SA DE CV,203
AYARI170GRS,AYARI 170GRS,ESPECIALIDADES COSMETICAS PEREGRINA SA DE CV,99
AYELIN10ML,AYELIN 10 ML,ESPECIALIDADES COSMETICAS PEREGRINA SA DE CV,52
AZTLAN250ML,AZTLAN250ML,ESPECIALIDADES COSMETICAS PEREGRINA SA DE CV,196
AZUL125ML,AZUL 125ML,ESPECIALIDADES COSMETICAS PEREGRINA SA DE CV,3
AZUL60ML,AZUL 60ML,ESPECIALIDADES COSMETICAS PEREGRINA SA DE CV,2
BAAWE1200G,BAAWE 1200 G,ESPECIALIDADES COSMETICAS PEREGRINA SA DE CV,1
BAAWE600G,BAAWE 600 G,ESPECIALIDADES COSMETICAS PEREGRINA SA DE CV,79
BACHIA250G,BACHIA 250 G,ESPECIALIDADES COSMETICAS PEREGRINA SA DE CV,120
NSBAHNI50,BAHNI 50 GRS,ESPECIALIDADES COSMETICAS PEREGRINA SA DE CV,106
BANAMOR125ML,BANO AMOR 125 ML,ESPECIALIDADES COSMETICAS PEREGRINA SA DE CV,15
BANOAMOR750ML,BANO AMOR 750ML,ESPECIALIDADES COSMETICAS PEREGRINA SA DE CV,8
PRODUCTO125ML,"BANO ANCESTRAL DE 125ML SANACION, AMOR, PROSPERIDAD O ROSAS",ESPECIALIDADES COSMETICAS PEREGRINA SA DE CV,-7
BANOPROSP750ML,BANO PROSP 750ML,ESPECIALIDADES COSMETICAS PEREGRINA SA DE CV,13
BANPROSP125ML,BANO PROSPERIDAD 125 ML,ESPECIALIDADES COSMETICAS PEREGRINA SA DE CV,8
BANOSANA750ML,BANO SANA 750ML,ESPECIALIDADES COSMETICAS PEREGRINA SA DE CV,5
BANSANA125ML,BANO SANACION 125 ML,ESPECIALIDADES COSMETICAS PEREGRINA SA DE CV,7
BASUK30ML,BASUK 30 ML,ESPECIALIDADES COSMETICAS PEREGRINA SA DE CV,54
IMIBIO1-30ML,BIOLOGICO 1 30 ML IMI 10-22,ESPECIALIDADES COSMETICAS PEREGRINA SA DE CV,7
BIO110ML,BIOLOGICO 1 VIAL ANTIEDAD DE 10ML,ESPECIALIDADES COSMETICAS PEREGRINA SA DE CV,0
IMIBIO2-30ML,BIOLOGICO 2 30 ML IMI 10-22,ESPECIALIDADES COSMETICAS PEREGRINA SA DE CV,5
BIO210ML,BIOLOGICO 2 VIAL ACLARANTE DE 10ML,ESPECIALIDADES COSMETICAS PEREGRINA SA DE CV,0
IMIBIO3-30ML,BIOLOGICO 3 30 ML IMI10-22,ESPECIALIDADES COSMETICAS PEREGRINA SA DE CV,6
BIO310ML,BIOLOGICO 3 VIAL REAFIRMANTE ANTIESTRIAS DE 10ML,ESPECIALIDADES COSMETICAS PEREGRINA SA DE CV,9
IMIBIO4-30ML,BIOLOGICO 4 30ML IMI 10-22,ESPECIALIDADES COSMETICAS PEREGRINA SA DE CV,8
BIO410ML,BIOLOGICO 4 VIAL ANTIACNE DE 10ML,ESPECIALIDADES COSMETICAS PEREGRINA SA DE CV,13
IMIBIO5-30ML,BIOLOGICO 5 30 ML IMI 10-22,ESPECIALIDADES COSMETICAS PEREGRINA SA DE CV,11
BIO510ML,BIOLOGICO 5 VIAL MULTIVITAMINICO DE 10ML,ESPECIALIDADES COSMETICAS PEREGRINA SA DE CV,6
BLANCO125ML,BLANCO 125ML,ESPECIALIDADES COSMETICAS PEREGRINA SA DE CV,84
BLANCO60ML,BLANCO 60ML,ESPECIALIDADES COSMETICAS PEREGRINA SA DE CV,71
SHANTI 01 HY,CAPSULAS FACIALES HY SAHNTI A GRANEL POR PIEZA,ESPECIALIDADES COSMETICAS PEREGRINA SA DE CV,30
SHANTI 02 HY,CAPSULAS FACIALES HY SHANTI 30 PZAS.,ESPECIALIDADES COSMETICAS PEREGRINA SA DE CV,2
CAU500GRS,CAU 500GRS,ESPECIALIDADES COSMETICAS PEREGRINA SA DE CV,42
CE1LT,CE SHAMPOO EXFOLIANTE CORPOFACIAL 1LT,ESPECIALIDADES COSMETICAS PEREGRINA SA DE CV,98
CHAAC200GRS,CHAAC 200GRS,ESPECIALIDADES COSMETICAS PEREGRINA SA DE CV,37
CHACNITE200GRS,CHACNITE 200GRS,ESPECIALIDADES COSMETICAS PEREGRINA SA DE CV,64
CHIMALLI250GR,CHIMALLI 250GR,ESPECIALIDADES COSMETICAS PEREGRINA SA DE CV,150
CHIMALLI55GR,CHIMALLI 55GR,ESPECIALIDADES COSMETICAS PEREGRINA SA DE CV,0
NSCITLALI5D5,CITLALI 5D5 ML,ESPECIALIDADES COSMETICAS PEREGRINA SA DE CV,69
NSCITLALI1D5ML,CITLALI INDIVIDUAL 5ML,ESPECIALIDADES COSMETICAS PEREGRINA SA DE CV,5
CITLALTZIN125ML,CITLALTZIN 125ML,ESPECIALIDADES COSMETICAS PEREGRINA SA DE CV,276
CITLALTZIN250GR,CITLALTZIN 250GR,ESPECIALIDADES COSMETICAS PEREGRINA SA DE CV,134
COSCOAPAN500ML,COSCOAPAN 500ML,ESPECIALIDADES COSMETICAS PEREGRINA SA DE CV,85
ELI40ML,CREMA ELI 40ML,ESPECIALIDADES COSMETICAS PEREGRINA SA DE CV,30
SHANTI HY,CREMA HY SHANTI 70 GR,ESPECIALIDADES COSMETICAS PEREGRINA SA DE CV,1
OLLIN60ML,CREMA OLLIN 60 ML,ESPECIALIDADES COSMETICAS PEREGRINA SA DE CV,0
CREMAHOLISTIC,CREMA SHANTI PARA MASAJES HOLISTIC 250ML,ESPECIALIDADES COSMETICAS PEREGRINA SA DE CV,0
BEBESHANTI,CREMA SHANTI PIEL DE BEBE 125ML,ESPECIALIDADES COSMETICAS PEREGRINA SA DE CV,12
DONAJI100ML,DONAJI 100ML,ESPECIALIDADES COSMETICAS PEREGRINA SA DE CV,45
LITESSENTIALS,DOSSIER ESSENTIALS,ESPECIALIDADES COSMETICAS PEREGRINA SA DE CV,22
EK125ML,EK 125ML,ESPECIALIDADES COSMETICAS PEREGRINA SA DE CV,101
ELI250ML,ELI 250ML CREMA CORPORAL,ESPECIALIDADES COSMETICAS PEREGRINA SA DE CV,-1
ETERNITY30ML,ETERNITY 30ML,ESPECIALIDADES COSMETICAS PEREGRINA SA DE CV,5
GELANTIACNE,GEL ANTIACNE MATE PERFECTO TEENS 125ML,ESPECIALIDADES COSMETICAS PEREGRINA SA DE CV,2
GELANTIB250,GEL ANTIBACTERIAL GRADO MEDICO 250 ML,ESPECIALIDADES COSMETICAS PEREGRINA SA DE CV,111
GELCONDUCTOR,GEL CONDUCTOR SHANTI PARA APARATOLOGIA 4 LITROS,ESPECIALIDADES COSMETICAS PEREGRINA SA DE CV,0
GELLIMPIADOR,GEL FACIAL LIMPIADOR DE IMPUREZAS SHANTI 55ML,ESPECIALIDADES COSMETICAS PEREGRINA SA DE CV,0
GELALCACHOFA1KG,GEL REDUCTIVO DE ALCACHOFA 1 KG,ESPECIALIDADES COSMETICAS PEREGRINA SA DE CV,112
GELALCACHOFA250,GEL REDUCTIVO DE ALCACHOFA 250 KG,ESPECIALIDADES COSMETICAS PEREGRINA SA DE CV,156
CHI5KG,GRANEL CREMA CHIMALLI 5KG,ESPECIALIDADES COSMETICAS PEREGRINA SA DE CV,14
ELI5KG,GRANEL CREMA ELI DE 5KG,ESPECIALIDADES COSMETICAS PEREGRINA SA DE CV,5
INCAGRANEL,GRANEL CREMA INCA PARA MUESTRAS,ESPECIALIDADES COSMETICAS PEREGRINA SA DE CV,4
ITA5KG,GRANEL CREMA ITA PARA MUESTRAS,ESPECIALIDADES COSMETICAS PEREGRINA SA DE CV,5
KINGRANEL,GRANEL CREMA KIN PARA MUESTRAS,ESPECIALIDADES COSMETICAS PEREGRINA SA DE CV,4
VISI5KG,GRANEL DE CREMA VISI PARA MUESTRAS,ESPECIALIDADES COSMETICAS PEREGRINA SA DE CV,3.8
IXCH5KG,GRANEL DE SHAPOO IXCHEL,ESPECIALIDADES COSMETICAS PEREGRINA SA DE CV,5
CAU5KG,GRANEL MASCARILLA CAU 5KG,ESPECIALIDADES COSMETICAS PEREGRINA SA DE CV,5
HASEN,HASEN,ESPECIALIDADES COSMETICAS PEREGRINA SA DE CV,31
IDANA500ML,IDANA 500ML,ESPECIALIDADES COSMETICAS PEREGRINA SA DE CV,82
NSIKAL100GRS,IKAL 100 GRS,ESPECIALIDADES COSMETICAS PEREGRINA SA DE CV,50
NSIKAL250GRS,IKAL 250 GRS,ESPECIALIDADES COSMETICAS PEREGRINA SA DE CV,104
IKFETSIN1KG,IKFETSIN 1KG,ESPECIALIDADES COSMETICAS PEREGRINA SA DE CV,119
IKFETSIN250GR,IKFETSIN 250GR,ESPECIALIDADES COSMETICAS PEREGRINA SA DE CV,127
IMIX250ML,IMIX 250ML,ESPECIALIDADES COSMETICAS PEREGRINA SA DE CV,127
INCA50GR,INCA 50GR,ESPECIALIDADES COSMETICAS PEREGRINA SA DE CV,146
IPHARI30ML,IPHARI 30ML,ESPECIALIDADES COSMETICAS PEREGRINA SA DE CV,260
IRERI30ML,IRERI 30ML,ESPECIALIDADES COSMETICAS PEREGRINA SA DE CV,153
IRSUS250ML,IRSUS 250ML,ESPECIALIDADES COSMETICAS PEREGRINA SA DE CV,94
ITA50GRS,ITA 50GRS,ESPECIALIDADES COSMETICAS PEREGRINA SA DE CV,152
NSITSE125ML,ITSE 125 ML,ESPECIALIDADES COSMETICAS PEREGRINA SA DE CV,5
ITZAMA30GRS,ITZAMA 50GRS,ESPECIALIDADES COSMETICAS PEREGRINA SA DE CV,57
ITZI4D3ML,ITZI 4D3ML,ESPECIALIDADES COSMETICAS PEREGRINA SA DE CV,60
ITZURI125ML,ITZURI125ML,ESPECIALIDADES COSMETICAS PEREGRINA SA DE CV,229
ITZURI250ML,ITZURI250ML,ESPECIALIDADES COSMETICAS PEREGRINA SA DE CV,192
IXCATZIN200GRS,IXCATZIN 200GRS,ESPECIALIDADES COSMETICAS PEREGRINA SA DE CV,33
IXCHEL250ML,IXCHEL 250ML,ESPECIALIDADES COSMETICAS PEREGRINA SA DE CV,206
IXCHEL500ML,IXCHEL 500ML,ESPECIALIDADES COSMETICAS PEREGRINA SA DE CV,100
IXU200GRS,IXU 200GRS,ESPECIALIDADES COSMETICAS PEREGRINA SA DE CV,100
KABAH30GR,KABAH 30GR,ESPECIALIDADES COSMETICAS PEREGRINA SA DE CV,218
KAIRA100ML,KAIRA 100ML,ESPECIALIDADES COSMETICAS PEREGRINA SA DE CV,56
KALAJKO30ML,KALAJKO 30 ML,ESPECIALIDADES COSMETICAS PEREGRINA SA DE CV,71
KIMIS250ML,KIMIS 250ML,ESPECIALIDADES COSMETICAS PEREGRINA SA DE CV,146
KIN55GR,KIN 55GR,ESPECIALIDADES COSMETICAS PEREGRINA SA DE CV,197
IMIBIO5,KIT DE 5 VIALES BIOTECNOLOGICOS PARA MICRONEEDLING,ESPECIALIDADES COSMETICAS PEREGRINA SA DE CV,173
KIMON,KIT HILOS KIMON,ESPECIALIDADES COSMETICAS PEREGRINA SA DE CV,25
KITIHIO,KIT IHIO MASCARILLA ANU 250 Y TONICO INDA 250,ESPECIALIDADES COSMETICAS PEREGRINA SA DE CV,8
KOO3D15ML,KOO POLIHIDROXIACIDOS 3 DE 15 ML,ESPECIALIDADES COSMETICAS PEREGRINA SA DE CV,95
KUSI125ML,KUSI 125ML LOCION FACIAL PH6.5,ESPECIALIDADES COSMETICAS PEREGRINA SA DE CV,202
LAZ3D10ML,LAZ ACIDO HIALURONICO 3 DE 10 ML,ESPECIALIDADES COSMETICAS PEREGRINA SA DE CV,107
LIME250GRS,LIME 250GRS,ESPECIALIDADES COSMETICAS PEREGRINA SA DE CV,82
SHANTEENS,LOCION FACIAL SHANTI NO MAS FOTOS 125ML,ESPECIALIDADES COSMETICAS PEREGRINA SA DE CV,2
SHANTINEW,LOCION HY SHANTI 60ML,ESPECIALIDADES COSMETICAS PEREGRINA SA DE CV,5
MUUN60ML,LOCION ROSA DE MAR MUUN 60 ML,ESPECIALIDADES COSMETICAS PEREGRINA SA DE CV,26
AHAU50GR,MASCARILLA AHAU 60 GRAMOS PAQUETE ESCOLAR,ESPECIALIDADES COSMETICAS PEREGRINA SA DE CV,42
MASCANU,MASCARILLA ANU 200GR,ESPECIALIDADES COSMETICAS PEREGRINA SA DE CV,64
CHAC50GR,MASCARILLA CHACNITEC 50 GRAMOS PAQ ESCOLAR,ESPECIALIDADES COSMETICAS PEREGRINA SA DE CV,6
IXU50GR,MASCARILLA IXU 50 GRAMOS PAQ. ESCOLAR,ESPECIALIDADES COSMETICAS PEREGRINA SA DE CV,43
IMIMAZ30GR,MAZATL CREMIGEL ILUMINADOR Y ACLARADOR CON ORO 30 GR,ESPECIALIDADES COSMETICAS PEREGRINA SA DE CV,209
MEZTLI1LT,METZTLI 1LT,ESPECIALIDADES COSMETICAS PEREGRINA SA DE CV,216
MIQUIZTLI125ML,MIQUIZTLI 125ML,ESPECIALIDADES COSMETICAS PEREGRINA SA DE CV,114
MIQUIZTLI 250,MIQUIZTLI 250,ESPECIALIDADES COSMETICAS PEREGRINA SA DE CV,151
TEOTL60ML,MUESTRA ACEITE TEOTL 60ml,ESPECIALIDADES COSMETICAS PEREGRINA SA DE CV,100
MAIME10GR,MUESTRA AIME PANTALLA SOLAR 10 GR,ESPECIALIDADES COSMETICAS PEREGRINA SA DE CV,300
MANKA,MUESTRA ANKA 10GRS,ESPECIALIDADES COSMETICAS PEREGRINA SA DE CV,300
MARUMA,MUESTRA ARUMA 10GRS,ESPECIALIDADES COSMETICAS PEREGRINA SA DE CV,300
MATLSECRET5ML,MUESTRA ATL SECRT 5ML,ESPECIALIDADES COSMETICAS PEREGRINA SA DE CV,0
MCHAAC,MUESTRA CHAAC 10GRS,ESPECIALIDADES COSMETICAS PEREGRINA SA DE CV,0
MCHIMA,MUESTRA CHIMALLI 10GRS,ESPECIALIDADES COSMETICAS PEREGRINA SA DE CV,0
KIMIS60ML,MUESTRA DE CREMA KIMIS DE 60 ML,ESPECIALIDADES COSMETICAS PEREGRINA SA DE CV,0
YELITZA60ML,MUESTRA DE CREMA YELITZA 60 ML,ESPECIALIDADES COSMETICAS PEREGRINA SA DE CV,0
MDONAJI10GR,MUESTRA DONAJI 10GRS,ESPECIALIDADES COSMETICAS PEREGRINA SA DE CV,0
MELI10GR,MUESTRA ELI CREMA CORPORAL 10 GR,ESPECIALIDADES COSMETICAS PEREGRINA SA DE CV,300
MUESTRAIKAL,MUESTRA IKAL 10GRS,ESPECIALIDADES COSMETICAS PEREGRINA SA DE CV,0
MIKFET,MUESTRA IKFETSIN 10GRS,ESPECIALIDADES COSMETICAS PEREGRINA SA DE CV,0
MINCA,MUESTRA INCA 10GRS,ESPECIALIDADES COSMETICAS PEREGRINA SA DE CV,0
MITA,MUESTRA ITA 10GRS,ESPECIALIDADES COSMETICAS PEREGRINA SA DE CV,300
MITZAM,MUESTRA ITZAMA 10GRS,ESPECIALIDADES COSMETICAS PEREGRINA SA DE CV,0
MKIN,MUESTRA KIN 10GRS,ESPECIALIDADES COSMETICAS PEREGRINA SA DE CV,0
MLIME,MUESTRA LIME 10GRS,ESPECIALIDADES COSMETICAS PEREGRINA SA DE CV,0
MUESTRANAAMU,MUESTRA NAAMU 10GRS,ESPECIALIDADES COSMETICAS PEREGRINA SA DE CV,0
MNAXO,MUESTRA NAXO 10GRS,ESPECIALIDADES COSMETICAS PEREGRINA SA DE CV,0
MUESTRANIMA,MUESTRA NIMA 10GRS,ESPECIALIDADES COSMETICAS PEREGRINA SA DE CV,300
MSIL10ML,MUESTRA SIL 10ML,ESPECIALIDADES COSMETICAS PEREGRINA SA DE CV,0
MTONAL,MUESTRA TONALLI 10GRS,ESPECIALIDADES COSMETICAS PEREGRINA SA DE CV,0
MTOSALI,MUESTRA TOSALI 10GRS,ESPECIALIDADES COSMETICAS PEREGRINA SA DE CV,0
MVIALTSUNI,MUESTRA VIAL TSUNI 5ML,ESPECIALIDADES COSMETICAS PEREGRINA SA DE CV,0
MVISI,MUESTRA VISI 10GRS,ESPECIALIDADES COSMETICAS PEREGRINA SA DE CV,0
MXANAH,MUESTRA XANAH 10GRS,ESPECIALIDADES COSMETICAS PEREGRINA SA DE CV,0
MYOLOT,MUESTRA YOLOTL 10GRS,ESPECIALIDADES COSMETICAS PEREGRINA SA DE CV,0
MYUMKA,MUESTRA YUMKAX 10GRS,ESPECIALIDADES COSMETICAS PEREGRINA SA DE CV,0
MUUN125ML,MUUN 125ML,ESPECIALIDADES COSMETICAS PEREGRINA SA DE CV,76
NAAMU200G,NAAMU 200 G,ESPECIALIDADES COSMETICAS PEREGRINA SA DE CV,65
NAHUI30ML,NAHUI VITAMINA C BOOSTER SERUM FACIAL,ESPECIALIDADES COSMETICAS PEREGRINA SA DE CV,175
NARANJA125ML,NARANJA 125ML,ESPECIALIDADES COSMETICAS PEREGRINA SA DE CV,20
NARANJA60ML,NARANJA 60ML,ESPECIALIDADES COSMETICAS PEREGRINA SA DE CV,21
NSNAXO50,NAXO 50 GRS,ESPECIALIDADES COSMETICAS PEREGRINA SA DE CV,74
NELLI125ML,NELLI 125ML,ESPECIALIDADES COSMETICAS PEREGRINA SA DE CV,231
NELLI250ML,NELLI 250ML,ESPECIALIDADES COSMETICAS PEREGRINA SA DE CV,181
NIKTE200GRS,NIKTE 200GRS,ESPECIALIDADES COSMETICAS PEREGRINA SA DE CV,113
NSNIMA250,NIMA 250 GRS,ESPECIALIDADES COSMETICAS PEREGRINA SA DE CV,33
NIZA125ML,NIZA 125ML,ESPECIALIDADES COSMETICAS PEREGRINA SA DE CV,84
NOPALLI6D3ML,NOPALLI 6D3ML,ESPECIALIDADES COSMETICAS PEREGRINA SA DE CV,30
NUSCAA260ML,NUSCAA 260ML,ESPECIALIDADES COSMETICAS PEREGRINA SA DE CV,50
OLLIN250GR,OLLIN 250GR,ESPECIALIDADES COSMETICAS PEREGRINA SA DE CV,191
OLLIN500GRS,OLLIN 500GRS,ESPECIALIDADES COSMETICAS PEREGRINA SA DE CV,127
OME1LT,OME HIDROLATO TAURINA Y CANNABINOIDES 1LT,ESPECIALIDADES COSMETICAS PEREGRINA SA DE CV,92
PAPATZI125ML,PAPATZI 125ML,ESPECIALIDADES COSMETICAS PEREGRINA SA DE CV,403
PAPATZI250ML,PAPATZI 250ML,ESPECIALIDADES COSMETICAS PEREGRINA SA DE CV,216
PAQUETEMUESTRACORPOR,PAQUETE 10 MUESTRAS DE CORPORAL,ESPECIALIDADES COSMETICAS PEREGRINA SA DE CV,3
PAQUETEMUESTRAFACIAL,PAQUETE 12 MUESTRAS DE FACIAL,ESPECIALIDADES COSMETICAS PEREGRINA SA DE CV,4
PAQUETEMUESTRAFAYCO,PAQUETE 17 MUESTRAS DE FACIAL Y CORPORAL,ESPECIALIDADES COSMETICAS PEREGRINA SA DE CV,-1
3GRADOFACIALCETIS,"PAQUETE CETIS DE AMEYAL, ATZI, ZHUNKA 125, YARETZI, AYARI, ARUMA, LIME, BACHIA 50GR, HASEN 30ML, UETZCAYOTL 40ML, YEZTZI, NOPALLI E ITZI",ESPECIALIDADES COSMETICAS PEREGRINA SA DE CV,5
3GRADOCORPORALCETIS,"PAQUETE CETIS DE IXCHEL 125ML, ZIX 50GRS, ACEITE MASAJE 125ML, TONALLI 100GR, OLLIN 250ML, YOLOT 100GR Y JUN",ESPECIALIDADES COSMETICAS PEREGRINA SA DE CV,4
PAQUETENANACATLELI40,PAQUETE DE PROMOCION NANACATL Y ELI DE 40ML,ESPECIALIDADES COSMETICAS PEREGRINA SA DE CV,-1
PMUJE1,PERFUME ALMA PEREGRINA 1,ESPECIALIDADES COSMETICAS PEREGRINA SA DE CV,0
PMUJE2,PERFUME ALMA PEREGRINA 2,ESPECIALIDADES COSMETICAS PEREGRINA SA DE CV,0
PMUJE3,PERFUME ALMA PEREGRINA 3,ESPECIALIDADES COSMETICAS PEREGRINA SA DE CV,0
PERFUMEMADER,PERFUME HOMBRE MADERA,ESPECIALIDADES COSMETICAS PEREGRINA SA DE CV,56
PHOMB1,PERFUME LUIS MIGUEL PEREGRINA 1,ESPECIALIDADES COSMETICAS PEREGRINA SA DE CV,0
PHOMB2,PERFUME LUIS MIGUEL PEREGRINA 2,ESPECIALIDADES COSMETICAS PEREGRINA SA DE CV,0
PHOMB3,PERFUME LUIS MIGUEL PEREGRINA 3,ESPECIALIDADES COSMETICAS PEREGRINA SA DE CV,0
PERFUMEFLORAL,PERFUME MUJER FRUTAL,ESPECIALIDADES COSMETICAS PEREGRINA SA DE CV,38
ACHURI20GRS,POLVOS ACHURI DE 20 GRS,ESPECIALIDADES COSMETICAS PEREGRINA SA DE CV,144
CMANIV22,PROTECTORA DE MANOS ANIVERSARIO 125 ml,ESPECIALIDADES COSMETICAS PEREGRINA SA DE CV,0
ROJO125ML,ROJO 125ML,ESPECIALIDADES COSMETICAS PEREGRINA SA DE CV,21
ROJO60ML,ROJO 60ML,ESPECIALIDADES COSMETICAS PEREGRINA SA DE CV,8
ROSA125ML,ROSA 125ML,ESPECIALIDADES COSMETICAS PEREGRINA SA DE CV,0
ROSA60ML,ROSA 60ML,ESPECIALIDADES COSMETICAS PEREGRINA SA DE CV,2
SATZIRA30ML,SATZIRA 30ML,ESPECIALIDADES COSMETICAS PEREGRINA SA DE CV,67
SAWA250ML,SAWA 250 ML,ESPECIALIDADES COSMETICAS PEREGRINA SA DE CV,29
SUGOLR,SERUM ONLY GOLD ROSE 20ML,ESPECIALIDADES COSMETICAS PEREGRINA SA DE CV,10
IRISETMAS,SET DE 8 MASCARILLAS IRIS 8X20GR,ESPECIALIDADES COSMETICAS PEREGRINA SA DE CV,1
NSSETI5D3ML,SETI AMP 5 DE 3 ML,ESPECIALIDADES COSMETICAS PEREGRINA SA DE CV,45
SIL30ML,SIL 30ML ACLARANTE SUPREMO,ESPECIALIDADES COSMETICAS PEREGRINA SA DE CV,150
TENEXTLI125ML,TENEXTLI 125ML,ESPECIALIDADES COSMETICAS PEREGRINA SA DE CV,88
TENEXTLI250ML,TENEXTLI 250ML,ESPECIALIDADES COSMETICAS PEREGRINA SA DE CV,273
TEOTL1LT,TEOTL 1LT,ESPECIALIDADES COSMETICAS PEREGRINA SA DE CV,94
TETEO6D3ML,TETEO 6D3ML,ESPECIALIDADES COSMETICAS PEREGRINA SA DE CV,61
TONALLI250GR,TONALLI 250GR,ESPECIALIDADES COSMETICAS PEREGRINA SA DE CV,48
TONALLI500GRS,TONALLI 500GRS,ESPECIALIDADES COSMETICAS PEREGRINA SA DE CV,54
TONALNA250GRS,TONALNA 250GRS,ESPECIALIDADES COSMETICAS PEREGRINA SA DE CV,140
INDA250,TONICO INDA 250 ML,ESPECIALIDADES COSMETICAS PEREGRINA SA DE CV,54
TOSALI250ML,TOSALI 250 ML,ESPECIALIDADES COSMETICAS PEREGRINA SA DE CV,5
TSIRI250GRS,TSIRI 250GRS,ESPECIALIDADES COSMETICAS PEREGRINA SA DE CV,29
UETZCAYOTL125ML,UETZCAYOTL 125ML,ESPECIALIDADES COSMETICAS PEREGRINA SA DE CV,"1,126.00"
UETZCAYOTL40ML,UETZCAYOTL 40ML,ESPECIALIDADES COSMETICAS PEREGRINA SA DE CV,98
UUSI100G,UUSI 135 G,ESPECIALIDADES COSMETICAS PEREGRINA SA DE CV,111
VIALTSUNI30ML,VIAL TSUNI 30ML,ESPECIALIDADES COSMETICAS PEREGRINA SA DE CV,73
VIOLETA125ML,VIOLETA 125ML,ESPECIALIDADES COSMETICAS PEREGRINA SA DE CV,51
VIOLETA60ML,VIOLETA 60ML,ESPECIALIDADES COSMETICAS PEREGRINA SA DE CV,1
VISI50GR,VISI 50GR,ESPECIALIDADES COSMETICAS PEREGRINA SA DE CV,127
XALLY600GRS,XALLY 600GRS,ESPECIALIDADES COSMETICAS PEREGRINA SA DE CV,37
XAMAN6D3ML,XAMAN 6D3ML,ESPECIALIDADES COSMETICAS PEREGRINA SA DE CV,105
NSXANAH50,XANAH 50 GRS,ESPECIALIDADES COSMETICAS PEREGRINA SA DE CV,54
XDAN250,XDAN EXFOLIENTE CORPORAL 250 G,ESPECIALIDADES COSMETICAS PEREGRINA SA DE CV,130
XOCHITL6D3ML,XOCHITL 6D3ML,ESPECIALIDADES COSMETICAS PEREGRINA SA DE CV,121
XOCOLATH600GRS,XOCOLATH 600GRS,ESPECIALIDADES COSMETICAS PEREGRINA SA DE CV,76
XOLOTL200GRS,XOLOTL 200GRS,ESPECIALIDADES COSMETICAS PEREGRINA SA DE CV,49
NSYANEL100,YANEL 100 GRS,ESPECIALIDADES COSMETICAS PEREGRINA SA DE CV,49
YAO250ML,YAO 250ML,ESPECIALIDADES COSMETICAS PEREGRINA SA DE CV,90
YARETZI100GR,YARETZI 100GR,ESPECIALIDADES COSMETICAS PEREGRINA SA DE CV,0
YARETZI250GR,YARETZI 250GR,ESPECIALIDADES COSMETICAS PEREGRINA SA DE CV,199
YAXCHE125ML,YAXCHE 125ML,ESPECIALIDADES COSMETICAS PEREGRINA SA DE CV,429
YAXCHE250ML,YAXCHE 250ML,ESPECIALIDADES COSMETICAS PEREGRINA SA DE CV,87
YEI200GR,YEI MASCARILLA PLASTICA CANNABINOIDES DE 200 GRS,ESPECIALIDADES COSMETICAS PEREGRINA SA DE CV,95
YEJ15GR,YEJ 15GR,ESPECIALIDADES COSMETICAS PEREGRINA SA DE CV,15
YELITZA250GRS,YELITZA 250GRS,ESPECIALIDADES COSMETICAS PEREGRINA SA DE CV,170
YEZTZI4DE3ML,YEZTZI 4DE3ML,ESPECIALIDADES COSMETICAS PEREGRINA SA DE CV,72
YI125ML,YI 125ML,ESPECIALIDADES COSMETICAS PEREGRINA SA DE CV,107
YI250ML,YI 250ML,ESPECIALIDADES COSMETICAS PEREGRINA SA DE CV,117
YLLA6D3ML,YLLA 6D3ML,ESPECIALIDADES COSMETICAS PEREGRINA SA DE CV,158
YOLOTL500GRS,YOLOTL 500GRS,ESPECIALIDADES COSMETICAS PEREGRINA SA DE CV,43
YUI3D10ML,YUI 3D10ML,ESPECIALIDADES COSMETICAS PEREGRINA SA DE CV,58
YUMKAM200GRS,YUMKAX 200GRS,ESPECIALIDADES COSMETICAS PEREGRINA SA DE CV,204
YUNUEN15GRS,YUNUEN 15GRS,ESPECIALIDADES COSMETICAS PEREGRINA SA DE CV,38
ZAZIL120ML,ZAZIL 120ML,ESPECIALIDADES COSMETICAS PEREGRINA SA DE CV,2
ZHUNKAH125ML,ZHUNKAH 125ML,ESPECIALIDADES COSMETICAS PEREGRINA SA DE CV,434
ZHUNKAH250ML,ZHUNKAH 250ML,ESPECIALIDADES COSMETICAS PEREGRINA SA DE CV,49
ZIX1KG,ZIX 1KG,ESPECIALIDADES COSMETICAS PEREGRINA SA DE CV,47
ZIX250GR,ZIX 250GR,ESPECIALIDADES COSMETICAS PEREGRINA SA DE CV,79
ZYANYA6D3ML,ZYANYA 6D3ML,ESPECIALIDADES COSMETICAS PEREGRINA SA DE CV,14
