Clave,Nombre,Existencia,Precio,Precio_distribuidor
ABAI40ML,ABAI 40 ML,2,25,50
ACEITEAMOR15ML,ACEITE AMOR 15ML,41,25,50
ACEITEPROSP15ML,ACEITE PROSP 15ML,52,25,50
ACEITESANA15ML,ACEITE SANA 15ML,43,25,50
AHAN200GRS,AHAN 200GRS,164,25,50
AHAU200GRS,AHAU 200GR,149,25,50
AIME125ML,AIME 125ML PANTALLA EN CREMA CORPOFACIAL FPS45,38,25,50
AIME40ML,AIME 40 ML MUESTRA,100,25,50
AIREKE170GR,AIREKE 170GR,142,25,50
AKAT200GRS,AKAT 200GRS,316,25,50
AKMA200GRS,AKMA 200GRS,59,25,50
AMARILLO125ML,AMARILLO 125ML,30,25,50
AMARILLO60ML,AMARILLO 60ML,11,25,50
AMATIS500GRS,AMATIS 500GR,52,25,50
AMEYAL125ML,AMEYAL 125ML,0,25,50
AMEYAL250ML,AMEYAL 250ML,140,25,50
SHANTI BIFASICA,AMPOLLETA BIFASICA HY SHANTI 10ML,6,25,50
SHANTI 03 HY,AMPOLLETA BIFASICA HY SHANTI 4 DE 10 ML,2,25,50
AMPOLLETAHYINDIV,AMPOLLETA BIFASICA SHANTI INDIVIDUAL 10ML,11,25,50
NSJUN1D10,AMPOLLETA JUN INDIVIDUAL 10 ML,2,25,50
NSJUN3D10,AMPOLLETAS JUN 3 DE 10 ML,177,25,50
ANKA500GRS,ANKA 500GRS,70,25,50
ARIA50ML,ARIA 50ML GOTAS DE MIEL ULTRAGEL FACIAL,274,25,50
ARUMA100GRS,ARUMA 100GRS,174,25,50
ASIRI170GRS,ASIRI 170GRS,67,25,50
ATLSECRET15GR,ATLSECRET 15GR,74,25,50
ATZIN250ML,ATZIN 250ML,79,25,50
AUACHTLT40ML,AUACHTLT 60ML,225,25,50
AXAYACATL250GRS,AXAYACATL 250GRS,203,25,50
AYARI170GRS,AYARI 170GRS,99,25,50
AYELIN10ML,AYELIN 10 ML,52,25,50
AZTLAN250ML,AZTLAN250ML,196,25,50
AZUL125ML,AZUL 125ML,3,25,50
AZUL60ML,AZUL 60ML,2,25,50
BAAWE1200G,BAAWE 1200 G,1,25,50
BAAWE600G,BAAWE 600 G,79,25,50
BACHIA250G,BACHIA 250 G,120,25,50
NSBAHNI50,BAHNI 50 GRS,106,25,50
BANAMOR125ML,BANO AMOR 125 ML,15,25,50
BANOAMOR750ML,BANO AMOR 750ML,8,25,50
PRODUCTO125ML,"BANO ANCESTRAL DE 125ML SANACION, AMOR, PROSPERIDAD O ROSAS",-7,25,50
BANOPROSP750ML,BANO PROSP 750ML,13,25,50
BANPROSP125ML,BANO PROSPERIDAD 125 ML,8,25,50
BANOSANA750ML,BANO SANA 750ML,5,25,50
BANSANA125ML,BANO SANACION 125 ML,7,25,50
BASUK30ML,BASUK 30 ML,54,25,50
IMIBIO1-30ML,BIOLOGICO 1 30 ML IMI 10-22,7,25,50
BIO110ML,BIOLOGICO 1 VIAL ANTIEDAD DE 10ML,0,25,50
IMIBIO2-30ML,BIOLOGICO 2 30 ML IMI 10-22,5,25,50
BIO210ML,BIOLOGICO 2 VIAL ACLARANTE DE 10ML,0,25,50
IMIBIO3-30ML,BIOLOGICO 3 30 ML IMI10-22,6,25,50
BIO310ML,BIOLOGICO 3 VIAL REAFIRMANTE ANTIESTRIAS DE 10ML,9,25,50
IMIBIO4-30ML,BIOLOGICO 4 30ML IMI 10-22,8,25,50
BIO410ML,BIOLOGICO 4 VIAL ANTIACNE DE 10ML,13,25,50
IMIBIO5-30ML,BIOLOGICO 5 30 ML IMI 10-22,11,25,50
BIO510ML,BIOLOGICO 5 VIAL MULTIVITAMINICO DE 10ML,6,25,50
BLANCO125ML,BLANCO 125ML,84,25,50
BLANCO60ML,BLANCO 60ML,71,25,50
SHANTI 01 HY,CAPSULAS FACIALES HY SAHNTI A GRANEL POR PIEZA,30,25,50
SHANTI 02 HY,CAPSULAS FACIALES HY SHANTI 30 PZAS.,2,25,50
CAU500GRS,CAU 500GRS,42,25,50
CE1LT,CE SHAMPOO EXFOLIANTE CORPOFACIAL 1LT,98,25,50
CHAAC200GRS,CHAAC 200GRS,37,25,50
CHACNITE200GRS,CHACNITE 200GRS,64,25,50
CHIMALLI250GR,CHIMALLI 250GR,150,25,50
CHIMALLI55GR,CHIMALLI 55GR,0,25,50
NSCITLALI5D5,CITLALI 5D5 ML,69,25,50
NSCITLALI1D5ML,CITLALI INDIVIDUAL 5ML,5,25,50
CITLALTZIN125ML,CITLALTZIN 125ML,276,25,50
CITLALTZIN250GR,CITLALTZIN 250GR,134,25,50
COSCOAPAN500ML,COSCOAPAN 500ML,85,25,50
ELI40ML,CREMA ELI 40ML,30,25,50
SHANTI HY,CREMA HY SHANTI 70 GR,1,25,50
OLLIN60ML,CREMA OLLIN 60 ML,0,25,50
CREMAHOLISTIC,CREMA SHANTI PARA MASAJES HOLISTIC 250ML,0,25,50
BEBESHANTI,CREMA SHANTI PIEL DE BEBE 125ML,12,25,50
DONAJI100ML,DONAJI 100ML,45,25,50
LITESSENTIALS,DOSSIER ESSENTIALS,22,25,50
EK125ML,EK 125ML,101,25,50
ELI250ML,ELI 250ML CREMA CORPORAL,-1,25,50
ETERNITY30ML,ETERNITY 30ML,5,25,50
GELANTIACNE,GEL ANTIACNE MATE PERFECTO TEENS 125ML,2,25,50
GELANTIB250,GEL ANTIBACTERIAL GRADO MEDICO 250 ML,111,25,50
GELCONDUCTOR,GEL CONDUCTOR SHANTI PARA APARATOLOGIA 4 LITROS,0,25,50
GELLIMPIADOR,GEL FACIAL LIMPIADOR DE IMPUREZAS SHANTI 55ML,0,25,50
GELALCACHOFA1KG,GEL REDUCTIVO DE ALCACHOFA 1 KG,112,25,50
GELALCACHOFA250,GEL REDUCTIVO DE ALCACHOFA 250 KG,156,25,50
CHI5KG,GRANEL CREMA CHIMALLI 5KG,14,25,50
ELI5KG,GRANEL CREMA ELI DE 5KG,5,25,50
INCAGRANEL,GRANEL CREMA INCA PARA MUESTRAS,4,25,50
ITA5KG,GRANEL CREMA ITA PARA MUESTRAS,5,25,50
KINGRANEL,GRANEL CREMA KIN PARA MUESTRAS,4,25,50
VISI5KG,GRANEL DE CREMA VISI PARA MUESTRAS,3.8,25,50
IXCH5KG,GRANEL DE SHAPOO IXCHEL,5,25,50
CAU5KG,GRANEL MASCARILLA CAU 5KG,5,25,50
HASEN,HASEN,31,25,50
IDANA500ML,IDANA 500ML,82,25,50
NSIKAL100GRS,IKAL 100 GRS,50,25,50
NSIKAL250GRS,IKAL 250 GRS,104,25,50
IKFETSIN1KG,IKFETSIN 1KG,119,25,50
IKFETSIN250GR,IKFETSIN 250GR,127,25,50
IMIX250ML,IMIX 250ML,127,25,50
INCA50GR,INCA 50GR,146,25,50
IPHARI30ML,IPHARI 30ML,260,25,50
IRERI30ML,IRERI 30ML,153,25,50
IRSUS250ML,IRSUS 250ML,94,25,50
ITA50GRS,ITA 50GRS,152,25,50
NSITSE125ML,ITSE 125 ML,5,25,50
ITZAMA30GRS,ITZAMA 50GRS,57,25,50
ITZI4D3ML,ITZI 4D3ML,60,25,50
ITZURI125ML,ITZURI125ML,229,25,50
ITZURI250ML,ITZURI250ML,192,25,50
IXCATZIN200GRS,IXCATZIN 200GRS,33,25,50
IXCHEL250ML,IXCHEL 250ML,206,25,50
IXCHEL500ML,IXCHEL 500ML,100,25,50
IXU200GRS,IXU 200GRS,100,25,50
KABAH30GR,KABAH 30GR,218,25,50
KAIRA100ML,KAIRA 100ML,56,25,50
KALAJKO30ML,KALAJKO 30 ML,71,25,50
KIMIS250ML,KIMIS 250ML,146,25,50
KIN55GR,KIN 55GR,197,25,50
IMIBIO5,KIT DE 5 VIALES BIOTECNOLOGICOS PARA MICRONEEDLING,173,25,50
KIMON,KIT HILOS KIMON,25,25,50
KITIHIO,KIT IHIO MASCARILLA ANU 250 Y TONICO INDA 250,8,25,50
KOO3D15ML,KOO POLIHIDROXIACIDOS 3 DE 15 ML,95,25,50
KUSI125ML,KUSI 125ML LOCION FACIAL PH6.5,202,25,50
LAZ3D10ML,LAZ ACIDO HIALURONICO 3 DE 10 ML,107,25,50
LIME250GRS,LIME 250GRS,82,25,50
SHANTEENS,LOCION FACIAL SHANTI NO MAS FOTOS 125ML,2,25,50
SHANTINEW,LOCION HY SHANTI 60ML,5,25,50
MUUN60ML,LOCION ROSA DE MAR MUUN 60 ML,26,25,50
AHAU50GR,MASCARILLA AHAU 60 GRAMOS PAQUETE ESCOLAR,42,25,50
MASCANU,MASCARILLA ANU 200GR,64,25,50
CHAC50GR,MASCARILLA CHACNITEC 50 GRAMOS PAQ ESCOLAR,6,25,50
IXU50GR,MASCARILLA IXU 50 GRAMOS PAQ. ESCOLAR,43,25,50
IMIMAZ30GR,MAZATL CREMIGEL ILUMINADOR Y ACLARADOR CON ORO 30 GR,209,25,50
MEZTLI1LT,METZTLI 1LT,216,25,50
MIQUIZTLI125ML,MIQUIZTLI 125ML,114,25,50
MIQUIZTLI 250,MIQUIZTLI 250,151,25,50
TEOTL60ML,MUESTRA ACEITE TEOTL 60ml,100,25,50
MAIME10GR,MUESTRA AIME PANTALLA SOLAR 10 GR,300,25,50
MANKA,MUESTRA ANKA 10GRS,300,25,50
MARUMA,MUESTRA ARUMA 10GRS,300,25,50
MATLSECRET5ML,MUESTRA ATL SECRT 5ML,0,25,50
MCHAAC,MUESTRA CHAAC 10GRS,0,25,50
MCHIMA,MUESTRA CHIMALLI 10GRS,0,25,50
KIMIS60ML,MUESTRA DE CREMA KIMIS DE 60 ML,0,25,50
YELITZA60ML,MUESTRA DE CREMA YELITZA 60 ML,0,25,50
MDONAJI10GR,MUESTRA DONAJI 10GRS,0,25,50
MELI10GR,MUESTRA ELI CREMA CORPORAL 10 GR,300,25,50
MUESTRAIKAL,MUESTRA IKAL 10GRS,0,25,50
MIKFET,MUESTRA IKFETSIN 10GRS,0,25,50
MINCA,MUESTRA INCA 10GRS,0,25,50
MITA,MUESTRA ITA 10GRS,300,25,50
MITZAM,MUESTRA ITZAMA 10GRS,0,25,50
MKIN,MUESTRA KIN 10GRS,0,25,50
MLIME,MUESTRA LIME 10GRS,0,25,50
MUESTRANAAMU,MUESTRA NAAMU 10GRS,0,25,50
MNAXO,MUESTRA NAXO 10GRS,0,25,50
MUESTRANIMA,MUESTRA NIMA 10GRS,300,25,50
MSIL10ML,MUESTRA SIL 10ML,0,25,50
MTONAL,MUESTRA TONALLI 10GRS,0,25,50
MTOSALI,MUESTRA TOSALI 10GRS,0,25,50
MVIALTSUNI,MUESTRA VIAL TSUNI 5ML,0,25,50
MVISI,MUESTRA VISI 10GRS,0,25,50
MXANAH,MUESTRA XANAH 10GRS,0,25,50
MYOLOT,MUESTRA YOLOTL 10GRS,0,25,50
MYUMKA,MUESTRA YUMKAX 10GRS,0,25,50
MUUN125ML,MUUN 125ML,76,25,50
NAAMU200G,NAAMU 200 G,65,25,50
NAHUI30ML,NAHUI VITAMINA C BOOSTER SERUM FACIAL,175,25,50
NARANJA125ML,NARANJA 125ML,20,25,50
NARANJA60ML,NARANJA 60ML,21,25,50
NSNAXO50,NAXO 50 GRS,74,25,50
NELLI125ML,NELLI 125ML,231,25,50
NELLI250ML,NELLI 250ML,181,25,50
NIKTE200GRS,NIKTE 200GRS,113,25,50
NSNIMA250,NIMA 250 GRS,33,25,50
NIZA125ML,NIZA 125ML,84,25,50
NOPALLI6D3ML,NOPALLI 6D3ML,30,25,50
NUSCAA260ML,NUSCAA 260ML,50,25,50
OLLIN250GR,OLLIN 250GR,191,25,50
OLLIN500GRS,OLLIN 500GRS,127,25,50
OME1LT,OME HIDROLATO TAURINA Y CANNABINOIDES 1LT,92,25,50
PAPATZI125ML,PAPATZI 125ML,403,25,50
PAPATZI250ML,PAPATZI 250ML,216,25,50
PAQUETEMUESTRACORPOR,PAQUETE 10 MUESTRAS DE CORPORAL,3,25,50
PAQUETEMUESTRAFACIAL,PAQUETE 12 MUESTRAS DE FACIAL,4,25,50
PAQUETEMUESTRAFAYCO,PAQUETE 17 MUESTRAS DE FACIAL Y CORPORAL,-1,25,50
3GRADOFACIALCETIS,"PAQUETE CETIS DE AMEYAL, ATZI, ZHUNKA 125, YARETZI, AYARI, ARUMA, LIME, BACHIA 50GR, HASEN 30ML, UETZCAYOTL 40ML, YEZTZI, NOPALLI E ITZI",5,25,50
3GRADOCORPORALCETIS,"PAQUETE CETIS DE IXCHEL 125ML, ZIX 50GRS, ACEITE MASAJE 125ML, TONALLI 100GR, OLLIN 250ML, YOLOT 100GR Y JUN",4,25,50
PAQUETENANACATLELI40,PAQUETE DE PROMOCION NANACATL Y ELI DE 40ML,-1,25,50
PMUJE1,PERFUME ALMA PEREGRINA 1,0,25,50
PMUJE2,PERFUME ALMA PEREGRINA 2,0,25,50
PMUJE3,PERFUME ALMA PEREGRINA 3,0,25,50
PERFUMEMADER,PERFUME HOMBRE MADERA,56,25,50
PHOMB1,PERFUME LUIS MIGUEL PEREGRINA 1,0,25,50
PHOMB2,PERFUME LUIS MIGUEL PEREGRINA 2,0,25,50
PHOMB3,PERFUME LUIS MIGUEL PEREGRINA 3,0,25,50
PERFUMEFLORAL,PERFUME MUJER FRUTAL,38,25,50
ACHURI20GRS,POLVOS ACHURI DE 20 GRS,144,25,50
CMANIV22,PROTECTORA DE MANOS ANIVERSARIO 125 ml,0,25,50
ROJO125ML,ROJO 125ML,21,25,50
ROJO60ML,ROJO 60ML,8,25,50
ROSA125ML,ROSA 125ML,0,25,50
ROSA60ML,ROSA 60ML,2,25,50
SATZIRA30ML,SATZIRA 30ML,67,25,50
SAWA250ML,SAWA 250 ML,29,25,50
SUGOLR,SERUM ONLY GOLD ROSE 20ML,10,25,50
IRISETMAS,SET DE 8 MASCARILLAS IRIS 8X20GR,1,25,50
NSSETI5D3ML,SETI AMP 5 DE 3 ML,45,25,50
SIL30ML,SIL 30ML ACLARANTE SUPREMO,150,25,50
TENEXTLI125ML,TENEXTLI 125ML,88,25,50
TENEXTLI250ML,TENEXTLI 250ML,273,25,50
TEOTL1LT,TEOTL 1LT,94,25,50
TETEO6D3ML,TETEO 6D3ML,61,25,50
TONALLI250GR,TONALLI 250GR,48,25,50
TONALLI500GRS,TONALLI 500GRS,54,25,50
TONALNA250GRS,TONALNA 250GRS,140,25,50
INDA250,TONICO INDA 250 ML,54,25,50
TOSALI250ML,TOSALI 250 ML,5,25,50
TSIRI250GRS,TSIRI 250GRS,29,25,50
UETZCAYOTL125ML,UETZCAYOTL 125ML,"1,126.00",25,50
UETZCAYOTL40ML,UETZCAYOTL 40ML,98,25,50
UUSI100G,UUSI 135 G,111,25,50
VIALTSUNI30ML,VIAL TSUNI 30ML,73,25,50
VIOLETA125ML,VIOLETA 125ML,51,25,50
VIOLETA60ML,VIOLETA 60ML,1,25,50
VISI50GR,VISI 50GR,127,25,50
XALLY600GRS,XALLY 600GRS,37,25,50
XAMAN6D3ML,XAMAN 6D3ML,105,25,50
NSXANAH50,XANAH 50 GRS,54,25,50
XDAN250,XDAN EXFOLIENTE CORPORAL 250 G,130,25,50
XOCHITL6D3ML,XOCHITL 6D3ML,121,25,50
XOCOLATH600GRS,XOCOLATH 600GRS,76,25,50
XOLOTL200GRS,XOLOTL 200GRS,49,25,50
NSYANEL100,YANEL 100 GRS,49,25,50
YAO250ML,YAO 250ML,90,25,50
YARETZI100GR,YARETZI 100GR,0,25,50
YARETZI250GR,YARETZI 250GR,199,25,50
YAXCHE125ML,YAXCHE 125ML,429,25,50
YAXCHE250ML,YAXCHE 250ML,87,25,50
YEI200GR,YEI MASCARILLA PLASTICA CANNABINOIDES DE 200 GRS,95,25,50
YEJ15GR,YEJ 15GR,15,25,50
YELITZA250GRS,YELITZA 250GRS,170,25,50
YEZTZI4DE3ML,YEZTZI 4DE3ML,72,25,50
YI125ML,YI 125ML,107,25,50
YI250ML,YI 250ML,117,25,50
YLLA6D3ML,YLLA 6D3ML,158,25,50
YOLOTL500GRS,YOLOTL 500GRS,43,25,50
YUI3D10ML,YUI 3D10ML,58,25,50
YUMKAM200GRS,YUMKAX 200GRS,204,25,50
YUNUEN15GRS,YUNUEN 15GRS,38,25,50
ZAZIL120ML,ZAZIL 120ML,2,25,50
ZHUNKAH125ML,ZHUNKAH 125ML,434,25,50
ZHUNKAH250ML,ZHUNKAH 250ML,49,25,50
ZIX1KG,ZIX 1KG,47,25,50
ZIX250GR,ZIX 250GR,79,25,50
ZYANYA6D3ML,ZYANYA 6D3ML,14,25,50
